sex,age,geography,year,population
Female,0,Country,2023,1282
Female,0,Country,2024,1625
Female,0,Country,2025,2112
Female,1,Country,2023,2312
Female,1,Country,2024,1490
Female,1,Country,2025,1763
Female,2,Country,2023,1935
Female,2,Country,2024,1286
Female,2,Country,2025,1553
Female,3,Country,2023,1588
Female,3,Country,2024,1116
Female,3,Country,2025,1203
Female,4,Country,2023,1493
Female,4,Country,2024,1201
Female,4,Country,2025,1697
Female,5,Country,2023,1548
Female,5,Country,2024,1167
Female,5,Country,2025,1803
Female,6,Country,2023,1481
Female,6,Country,2024,990
Female,6,Country,2025,1638
Female,7,Country,2023,1465
Female,7,Country,2024,1720
Female,7,Country,2025,1452
Female,8,Country,2023,1122
Female,8,Country,2024,1290
Female,8,Country,2025,1565
Female,9,Country,2023,855
Female,9,Country,2024,1586
Female,9,Country,2025,1835
Female,10,Country,2023,1607
Female,10,Country,2024,1167
Female,10,Country,2025,1530
Female,11,Country,2023,817
Female,11,Country,2024,1703
Female,11,Country,2025,1161
Female,12,Country,2023,1414
Female,12,Country,2024,1525
Female,12,Country,2025,1327
Female,13,Country,2023,1153
Female,13,Country,2024,1493
Female,13,Country,2025,1578
Female,14,Country,2023,1508
Female,14,Country,2024,1278
Female,14,Country,2025,1217
Female,15,Country,2023,1256
Female,15,Country,2024,1310
Female,15,Country,2025,1608
Female,16,Country,2023,1144
Female,16,Country,2024,1398
Female,16,Country,2025,1670
Female,17,Country,2023,1545
Female,17,Country,2024,1965
Female,17,Country,2025,1231
Female,18,Country,2023,1420
Female,18,Country,2024,1706
Female,18,Country,2025,1064
Female,19,Country,2023,1463
Female,19,Country,2024,1284
Female,19,Country,2025,1308
Female,20,Country,2023,1011
Female,20,Country,2024,973
Female,20,Country,2025,1883
Female,21,Country,2023,1661
Female,21,Country,2024,1511
Female,21,Country,2025,1742
Female,22,Country,2023,1221
Female,22,Country,2024,1345
Female,22,Country,2025,1569
Female,23,Country,2023,1347
Female,23,Country,2024,1316
Female,23,Country,2025,1513
Female,24,Country,2023,1508
Female,24,Country,2024,1368
Female,24,Country,2025,1309
Female,25,Country,2023,1509
Female,25,Country,2024,1685
Female,25,Country,2025,1458
Female,26,Country,2023,1747
Female,26,Country,2024,1135
Female,26,Country,2025,1787
Female,27,Country,2023,1632
Female,27,Country,2024,1367
Female,27,Country,2025,1607
Female,28,Country,2023,1334
Female,28,Country,2024,1391
Female,28,Country,2025,1467
Female,29,Country,2023,1532
Female,29,Country,2024,1915
Female,29,Country,2025,1196
Female,30,Country,2023,1393
Female,30,Country,2024,1639
Female,30,Country,2025,1406
Female,31,Country,2023,1589
Female,31,Country,2024,1558
Female,31,Country,2025,1355
Female,32,Country,2023,1294
Female,32,Country,2024,809
Female,32,Country,2025,1749
Female,33,Country,2023,1324
Female,33,Country,2024,1236
Female,33,Country,2025,1292
Female,34,Country,2023,1546
Female,34,Country,2024,1304
Female,34,Country,2025,1116
Female,35,Country,2023,1381
Female,35,Country,2024,1222
Female,35,Country,2025,1260
Female,36,Country,2023,1111
Female,36,Country,2024,1400
Female,36,Country,2025,1787
Female,37,Country,2023,1453
Female,37,Country,2024,787
Female,37,Country,2025,883
Female,38,Country,2023,1529
Female,38,Country,2024,1171
Female,38,Country,2025,1558
Female,39,Country,2023,1385
Female,39,Country,2024,1416
Female,39,Country,2025,1645
Female,40,Country,2023,1218
Female,40,Country,2024,1730
Female,40,Country,2025,1315
Female,41,Country,2023,730
Female,41,Country,2024,1533
Female,41,Country,2025,1273
Female,42,Country,2023,1060
Female,42,Country,2024,1600
Female,42,Country,2025,1356
Female,43,Country,2023,1537
Female,43,Country,2024,1615
Female,43,Country,2025,876
Female,44,Country,2023,1180
Female,44,Country,2024,1353
Female,44,Country,2025,1455
Female,45,Country,2023,1374
Female,45,Country,2024,1518
Female,45,Country,2025,1523
Female,46,Country,2023,1612
Female,46,Country,2024,1149
Female,46,Country,2025,1601
Female,47,Country,2023,1468
Female,47,Country,2024,1583
Female,47,Country,2025,1348
Female,48,Country,2023,985
Female,48,Country,2024,968
Female,48,Country,2025,770
Female,49,Country,2023,908
Female,49,Country,2024,1332
Female,49,Country,2025,1115
Female,50,Country,2023,1168
Female,50,Country,2024,1047
Female,50,Country,2025,1412
Female,51,Country,2023,1414
Female,51,Country,2024,1272
Female,51,Country,2025,1299
Female,52,Country,2023,1794
Female,52,Country,2024,1212
Female,52,Country,2025,1814
Female,53,Country,2023,1258
Female,53,Country,2024,2020
Female,53,Country,2025,1253
Female,54,Country,2023,1369
Female,54,Country,2024,788
Female,54,Country,2025,791
Female,55,Country,2023,1285
Female,55,Country,2024,1593
Female,55,Country,2025,1449
Female,56,Country,2023,1510
Female,56,Country,2024,1087
Female,56,Country,2025,1206
Female,57,Country,2023,1621
Female,57,Country,2024,1653
Female,57,Country,2025,1104
Female,58,Country,2023,1733
Female,58,Country,2024,898
Female,58,Country,2025,1244
Female,59,Country,2023,1176
Female,59,Country,2024,1697
Female,59,Country,2025,1235
Female,60,Country,2023,2071
Female,60,Country,2024,1779
Female,60,Country,2025,1206
Female,61,Country,2023,1602
Female,61,Country,2024,1955
Female,61,Country,2025,1455
Female,62,Country,2023,1942
Female,62,Country,2024,1721
Female,62,Country,2025,1771
Female,63,Country,2023,1705
Female,63,Country,2024,1200
Female,63,Country,2025,1538
Female,64,Country,2023,1462
Female,64,Country,2024,1038
Female,64,Country,2025,1251
Female,65,Country,2023,1598
Female,65,Country,2024,1166
Female,65,Country,2025,1271
Female,66,Country,2023,1308
Female,66,Country,2024,1652
Female,66,Country,2025,1552
Female,67,Country,2023,1066
Female,67,Country,2024,1524
Female,67,Country,2025,1640
Female,68,Country,2023,1560
Female,68,Country,2024,1189
Female,68,Country,2025,1520
Female,69,Country,2023,1198
Female,69,Country,2024,1029
Female,69,Country,2025,1522
Female,70,Country,2023,1428
Female,70,Country,2024,1385
Female,70,Country,2025,1213
Female,71,Country,2023,1290
Female,71,Country,2024,1801
Female,71,Country,2025,1314
Female,72,Country,2023,1242
Female,72,Country,2024,1224
Female,72,Country,2025,1360
Female,73,Country,2023,1734
Female,73,Country,2024,1440
Female,73,Country,2025,1408
Female,74,Country,2023,1435
Female,74,Country,2024,1483
Female,74,Country,2025,1287
Female,75,Country,2023,1127
Female,75,Country,2024,1155
Female,75,Country,2025,1657
Female,76,Country,2023,1305
Female,76,Country,2024,1648
Female,76,Country,2025,1618
Female,77,Country,2023,1189
Female,77,Country,2024,1274
Female,77,Country,2025,1594
Female,78,Country,2023,1480
Female,78,Country,2024,1047
Female,78,Country,2025,955
Female,79,Country,2023,2008
Female,79,Country,2024,1600
Female,79,Country,2025,1839
Female,80,Country,2023,1406
Female,80,Country,2024,1667
Female,80,Country,2025,1741
Female,81,Country,2023,1119
Female,81,Country,2024,1301
Female,81,Country,2025,1611
Female,82,Country,2023,1289
Female,82,Country,2024,1524
Female,82,Country,2025,1189
Female,83,Country,2023,1874
Female,83,Country,2024,952
Female,83,Country,2025,1882
Female,84,Country,2023,1187
Female,84,Country,2024,2014
Female,84,Country,2025,876
Female,85,Country,2023,1208
Female,85,Country,2024,1192
Female,85,Country,2025,1725
Female,86,Country,2023,1634
Female,86,Country,2024,711
Female,86,Country,2025,1487
Female,87,Country,2023,1099
Female,87,Country,2024,1704
Female,87,Country,2025,1624
Female,88,Country,2023,1171
Female,88,Country,2024,1475
Female,88,Country,2025,1760
Female,89,Country,2023,1668
Female,89,Country,2024,1991
Female,89,Country,2025,1718
Female,90,Country,2023,1799
Female,90,Country,2024,1443
Female,90,Country,2025,1397
Male,0,Country,2023,1695
Male,0,Country,2024,1622
Male,0,Country,2025,1262
Male,1,Country,2023,1465
Male,1,Country,2024,1581
Male,1,Country,2025,1019
Male,2,Country,2023,1376
Male,2,Country,2024,1918
Male,2,Country,2025,1351
Male,3,Country,2023,1706
Male,3,Country,2024,1381
Male,3,Country,2025,1164
Male,4,Country,2023,1184
Male,4,Country,2024,1496
Male,4,Country,2025,1455
Male,5,Country,2023,1547
Male,5,Country,2024,1278
Male,5,Country,2025,1587
Male,6,Country,2023,1608
Male,6,Country,2024,1674
Male,6,Country,2025,1259
Male,7,Country,2023,1606
Male,7,Country,2024,1136
Male,7,Country,2025,1577
Male,8,Country,2023,980
Male,8,Country,2024,1022
Male,8,Country,2025,1794
Male,9,Country,2023,1589
Male,9,Country,2024,1644
Male,9,Country,2025,1332
Male,10,Country,2023,1474
Male,10,Country,2024,1083
Male,10,Country,2025,1388
Male,11,Country,2023,1219
Male,11,Country,2024,1394
Male,11,Country,2025,1105
Male,12,Country,2023,1429
Male,12,Country,2024,1441
Male,12,Country,2025,1308
Male,13,Country,2023,1523
Male,13,Country,2024,1404
Male,13,Country,2025,1405
Male,14,Country,2023,1106
Male,14,Country,2024,1574
Male,14,Country,2025,2115
Male,15,Country,2023,1082
Male,15,Country,2024,1358
Male,15,Country,2025,1513
Male,16,Country,2023,1057
Male,16,Country,2024,1160
Male,16,Country,2025,1457
Male,17,Country,2023,1707
Male,17,Country,2024,1634
Male,17,Country,2025,1332
Male,18,Country,2023,1376
Male,18,Country,2024,1655
Male,18,Country,2025,1846
Male,19,Country,2023,1714
Male,19,Country,2024,1418
Male,19,Country,2025,1454
Male,20,Country,2023,1192
Male,20,Country,2024,968
Male,20,Country,2025,1530
Male,21,Country,2023,1831
Male,21,Country,2024,924
Male,21,Country,2025,1704
Male,22,Country,2023,1430
Male,22,Country,2024,1078
Male,22,Country,2025,1629
Male,23,Country,2023,1865
Male,23,Country,2024,1506
Male,23,Country,2025,1615
Male,24,Country,2023,879
Male,24,Country,2024,1534
Male,24,Country,2025,1280
Male,25,Country,2023,1348
Male,25,Country,2024,1558
Male,25,Country,2025,1039
Male,26,Country,2023,1391
Male,26,Country,2024,1003
Male,26,Country,2025,1554
Male,27,Country,2023,1567
Male,27,Country,2024,1504
Male,27,Country,2025,1439
Male,28,Country,2023,1827
Male,28,Country,2024,950
Male,28,Country,2025,1574
Male,29,Country,2023,1191
Male,29,Country,2024,1535
Male,29,Country,2025,1412
Male,30,Country,2023,705
Male,30,Country,2024,1103
Male,30,Country,2025,1431
Male,31,Country,2023,1197
Male,31,Country,2024,1612
Male,31,Country,2025,1115
Male,32,Country,2023,1010
Male,32,Country,2024,1427
Male,32,Country,2025,1508
Male,33,Country,2023,1269
Male,33,Country,2024,1657
Male,33,Country,2025,1900
Male,34,Country,2023,1860
Male,34,Country,2024,1993
Male,34,Country,2025,771
Male,35,Country,2023,1869
Male,35,Country,2024,1567
Male,35,Country,2025,1873
Male,36,Country,2023,1040
Male,36,Country,2024,1247
Male,36,Country,2025,1664
Male,37,Country,2023,1423
Male,37,Country,2024,1419
Male,37,Country,2025,2047
Male,38,Country,2023,1691
Male,38,Country,2024,1336
Male,38,Country,2025,1062
Male,39,Country,2023,883
Male,39,Country,2024,1160
Male,39,Country,2025,1685
Male,40,Country,2023,957
Male,40,Country,2024,1223
Male,40,Country,2025,1448
Male,41,Country,2023,899
Male,41,Country,2024,1261
Male,41,Country,2025,992
Male,42,Country,2023,1355
Male,42,Country,2024,1307
Male,42,Country,2025,1007
Male,43,Country,2023,1110
Male,43,Country,2024,1304
Male,43,Country,2025,663
Male,44,Country,2023,2240
Male,44,Country,2024,1564
Male,44,Country,2025,897
Male,45,Country,2023,1142
Male,45,Country,2024,952
Male,45,Country,2025,1503
Male,46,Country,2023,1353
Male,46,Country,2024,1880
Male,46,Country,2025,1464
Male,47,Country,2023,1909
Male,47,Country,2024,1153
Male,47,Country,2025,1315
Male,48,Country,2023,1593
Male,48,Country,2024,1572
Male,48,Country,2025,1376
Male,49,Country,2023,1003
Male,49,Country,2024,1570
Male,49,Country,2025,1306
Male,50,Country,2023,1473
Male,50,Country,2024,1235
Male,50,Country,2025,1271
Male,51,Country,2023,1686
Male,51,Country,2024,1582
Male,51,Country,2025,1070
Male,52,Country,2023,1752
Male,52,Country,2024,1307
Male,52,Country,2025,1551
Male,53,Country,2023,1347
Male,53,Country,2024,1195
Male,53,Country,2025,1467
Male,54,Country,2023,1963
Male,54,Country,2024,898
Male,54,Country,2025,1314
Male,55,Country,2023,1315
Male,55,Country,2024,1675
Male,55,Country,2025,1462
Male,56,Country,2023,1140
Male,56,Country,2024,1020
Male,56,Country,2025,1442
Male,57,Country,2023,1184
Male,57,Country,2024,1472
Male,57,Country,2025,914
Male,58,Country,2023,1776
Male,58,Country,2024,1393
Male,58,Country,2025,1592
Male,59,Country,2023,895
Male,59,Country,2024,1344
Male,59,Country,2025,1629
Male,60,Country,2023,1902
Male,60,Country,2024,1314
Male,60,Country,2025,1186
Male,61,Country,2023,1783
Male,61,Country,2024,1255
Male,61,Country,2025,1098
Male,62,Country,2023,1051
Male,62,Country,2024,1375
Male,62,Country,2025,1348
Male,63,Country,2023,1305
Male,63,Country,2024,1342
Male,63,Country,2025,1741
Male,64,Country,2023,907
Male,64,Country,2024,1458
Male,64,Country,2025,1598
Male,65,Country,2023,1830
Male,65,Country,2024,1419
Male,65,Country,2025,1487
Male,66,Country,2023,1081
Male,66,Country,2024,1738
Male,66,Country,2025,1369
Male,67,Country,2023,1344
Male,67,Country,2024,1488
Male,67,Country,2025,1332
Male,68,Country,2023,1192
Male,68,Country,2024,1127
Male,68,Country,2025,1213
Male,69,Country,2023,1661
Male,69,Country,2024,1342
Male,69,Country,2025,1399
Male,70,Country,2023,1140
Male,70,Country,2024,1494
Male,70,Country,2025,1167
Male,71,Country,2023,1211
Male,71,Country,2024,1466
Male,71,Country,2025,1316
Male,72,Country,2023,1255
Male,72,Country,2024,874
Male,72,Country,2025,1879
Male,73,Country,2023,1617
Male,73,Country,2024,1706
Male,73,Country,2025,1367
Male,74,Country,2023,937
Male,74,Country,2024,1038
Male,74,Country,2025,1496
Male,75,Country,2023,2131
Male,75,Country,2024,2119
Male,75,Country,2025,2053
Male,76,Country,2023,1546
Male,76,Country,2024,1373
Male,76,Country,2025,1647
Male,77,Country,2023,1766
Male,77,Country,2024,740
Male,77,Country,2025,1200
Male,78,Country,2023,1740
Male,78,Country,2024,1576
Male,78,Country,2025,1856
Male,79,Country,2023,1693
Male,79,Country,2024,1609
Male,79,Country,2025,1671
Male,80,Country,2023,1165
Male,80,Country,2024,1318
Male,80,Country,2025,1766
Male,81,Country,2023,1117
Male,81,Country,2024,1626
Male,81,Country,2025,1067
Male,82,Country,2023,1623
Male,82,Country,2024,603
Male,82,Country,2025,1741
Male,83,Country,2023,1663
Male,83,Country,2024,861
Male,83,Country,2025,788
Male,84,Country,2023,1616
Male,84,Country,2024,1627
Male,84,Country,2025,1585
Male,85,Country,2023,1876
Male,85,Country,2024,1437
Male,85,Country,2025,1497
Male,86,Country,2023,1567
Male,86,Country,2024,747
Male,86,Country,2025,975
Male,87,Country,2023,1827
Male,87,Country,2024,1780
Male,87,Country,2025,976
Male,88,Country,2023,2015
Male,88,Country,2024,1176
Male,88,Country,2025,1593
Male,89,Country,2023,1630
Male,89,Country,2024,1045
Male,89,Country,2025,1202
Male,90,Country,2023,1151
Male,90,Country,2024,1612
Male,90,Country,2025,1629
Female,0,RegionA,2023,511
Female,0,RegionA,2024,309
Female,0,RegionA,2025,586
Female,1,RegionA,2023,573
Female,1,RegionA,2024,462
Female,1,RegionA,2025,400
Female,2,RegionA,2023,431
Female,2,RegionA,2024,139
Female,2,RegionA,2025,490
Female,3,RegionA,2023,474
Female,3,RegionA,2024,221
Female,3,RegionA,2025,392
Female,4,RegionA,2023,581
Female,4,RegionA,2024,338
Female,4,RegionA,2025,540
Female,5,RegionA,2023,536
Female,5,RegionA,2024,450
Female,5,RegionA,2025,588
Female,6,RegionA,2023,243
Female,6,RegionA,2024,405
Female,6,RegionA,2025,276
Female,7,RegionA,2023,527
Female,7,RegionA,2024,592
Female,7,RegionA,2025,504
Female,8,RegionA,2023,187
Female,8,RegionA,2024,109
Female,8,RegionA,2025,553
Female,9,RegionA,2023,173
Female,9,RegionA,2024,393
Female,9,RegionA,2025,368
Female,10,RegionA,2023,539
Female,10,RegionA,2024,473
Female,10,RegionA,2025,513
Female,11,RegionA,2023,217
Female,11,RegionA,2024,158
Female,11,RegionA,2025,435
Female,12,RegionA,2023,141
Female,12,RegionA,2024,328
Female,12,RegionA,2025,328
Female,13,RegionA,2023,171
Female,13,RegionA,2024,376
Female,13,RegionA,2025,265
Female,14,RegionA,2023,173
Female,14,RegionA,2024,184
Female,14,RegionA,2025,208
Female,15,RegionA,2023,248
Female,15,RegionA,2024,476
Female,15,RegionA,2025,340
Female,16,RegionA,2023,119
Female,16,RegionA,2024,385
Female,16,RegionA,2025,499
Female,17,RegionA,2023,318
Female,17,RegionA,2024,588
Female,17,RegionA,2025,315
Female,18,RegionA,2023,165
Female,18,RegionA,2024,516
Female,18,RegionA,2025,120
Female,19,RegionA,2023,137
Female,19,RegionA,2024,212
Female,19,RegionA,2025,242
Female,20,RegionA,2023,125
Female,20,RegionA,2024,265
Female,20,RegionA,2025,542
Female,21,RegionA,2023,592
Female,21,RegionA,2024,230
Female,21,RegionA,2025,539
Female,22,RegionA,2023,262
Female,22,RegionA,2024,387
Female,22,RegionA,2025,243
Female,23,RegionA,2023,209
Female,23,RegionA,2024,521
Female,23,RegionA,2025,267
Female,24,RegionA,2023,173
Female,24,RegionA,2024,221
Female,24,RegionA,2025,145
Female,25,RegionA,2023,538
Female,25,RegionA,2024,301
Female,25,RegionA,2025,430
Female,26,RegionA,2023,297
Female,26,RegionA,2024,176
Female,26,RegionA,2025,576
Female,27,RegionA,2023,556
Female,27,RegionA,2024,273
Female,27,RegionA,2025,453
Female,28,RegionA,2023,430
Female,28,RegionA,2024,187
Female,28,RegionA,2025,506
Female,29,RegionA,2023,548
Female,29,RegionA,2024,586
Female,29,RegionA,2025,118
Female,30,RegionA,2023,536
Female,30,RegionA,2024,388
Female,30,RegionA,2025,266
Female,31,RegionA,2023,495
Female,31,RegionA,2024,590
Female,31,RegionA,2025,160
Female,32,RegionA,2023,393
Female,32,RegionA,2024,159
Female,32,RegionA,2025,412
Female,33,RegionA,2023,306
Female,33,RegionA,2024,597
Female,33,RegionA,2025,407
Female,34,RegionA,2023,448
Female,34,RegionA,2024,284
Female,34,RegionA,2025,103
Female,35,RegionA,2023,264
Female,35,RegionA,2024,520
Female,35,RegionA,2025,359
Female,36,RegionA,2023,360
Female,36,RegionA,2024,392
Female,36,RegionA,2025,271
Female,37,RegionA,2023,526
Female,37,RegionA,2024,147
Female,37,RegionA,2025,175
Female,38,RegionA,2023,300
Female,38,RegionA,2024,255
Female,38,RegionA,2025,189
Female,39,RegionA,2023,208
Female,39,RegionA,2024,387
Female,39,RegionA,2025,586
Female,40,RegionA,2023,340
Female,40,RegionA,2024,397
Female,40,RegionA,2025,309
Female,41,RegionA,2023,142
Female,41,RegionA,2024,243
Female,41,RegionA,2025,208
Female,42,RegionA,2023,157
Female,42,RegionA,2024,398
Female,42,RegionA,2025,189
Female,43,RegionA,2023,515
Female,43,RegionA,2024,108
Female,43,RegionA,2025,116
Female,44,RegionA,2023,433
Female,44,RegionA,2024,224
Female,44,RegionA,2025,189
Female,45,RegionA,2023,537
Female,45,RegionA,2024,116
Female,45,RegionA,2025,131
Female,46,RegionA,2023,258
Female,46,RegionA,2024,138
Female,46,RegionA,2025,524
Female,47,RegionA,2023,337
Female,47,RegionA,2024,405
Female,47,RegionA,2025,425
Female,48,RegionA,2023,170
Female,48,RegionA,2024,118
Female,48,RegionA,2025,190
Female,49,RegionA,2023,246
Female,49,RegionA,2024,496
Female,49,RegionA,2025,199
Female,50,RegionA,2023,347
Female,50,RegionA,2024,116
Female,50,RegionA,2025,568
Female,51,RegionA,2023,285
Female,51,RegionA,2024,315
Female,51,RegionA,2025,259
Female,52,RegionA,2023,597
Female,52,RegionA,2024,261
Female,52,RegionA,2025,500
Female,53,RegionA,2023,175
Female,53,RegionA,2024,434
Female,53,RegionA,2025,223
Female,54,RegionA,2023,329
Female,54,RegionA,2024,101
Female,54,RegionA,2025,240
Female,55,RegionA,2023,144
Female,55,RegionA,2024,417
Female,55,RegionA,2025,513
Female,56,RegionA,2023,331
Female,56,RegionA,2024,247
Female,56,RegionA,2025,220
Female,57,RegionA,2023,521
Female,57,RegionA,2024,557
Female,57,RegionA,2025,361
Female,58,RegionA,2023,312
Female,58,RegionA,2024,143
Female,58,RegionA,2025,323
Female,59,RegionA,2023,238
Female,59,RegionA,2024,342
Female,59,RegionA,2025,260
Female,60,RegionA,2023,497
Female,60,RegionA,2024,404
Female,60,RegionA,2025,142
Female,61,RegionA,2023,576
Female,61,RegionA,2024,478
Female,61,RegionA,2025,341
Female,62,RegionA,2023,266
Female,62,RegionA,2024,529
Female,62,RegionA,2025,177
Female,63,RegionA,2023,385
Female,63,RegionA,2024,535
Female,63,RegionA,2025,543
Female,64,RegionA,2023,233
Female,64,RegionA,2024,146
Female,64,RegionA,2025,105
Female,65,RegionA,2023,499
Female,65,RegionA,2024,347
Female,65,RegionA,2025,354
Female,66,RegionA,2023,406
Female,66,RegionA,2024,402
Female,66,RegionA,2025,434
Female,67,RegionA,2023,417
Female,67,RegionA,2024,332
Female,67,RegionA,2025,564
Female,68,RegionA,2023,470
Female,68,RegionA,2024,220
Female,68,RegionA,2025,360
Female,69,RegionA,2023,211
Female,69,RegionA,2024,357
Female,69,RegionA,2025,329
Female,70,RegionA,2023,318
Female,70,RegionA,2024,440
Female,70,RegionA,2025,141
Female,71,RegionA,2023,491
Female,71,RegionA,2024,260
Female,71,RegionA,2025,335
Female,72,RegionA,2023,538
Female,72,RegionA,2024,569
Female,72,RegionA,2025,508
Female,73,RegionA,2023,586
Female,73,RegionA,2024,252
Female,73,RegionA,2025,109
Female,74,RegionA,2023,556
Female,74,RegionA,2024,183
Female,74,RegionA,2025,278
Female,75,RegionA,2023,323
Female,75,RegionA,2024,288
Female,75,RegionA,2025,360
Female,76,RegionA,2023,472
Female,76,RegionA,2024,114
Female,76,RegionA,2025,452
Female,77,RegionA,2023,478
Female,77,RegionA,2024,215
Female,77,RegionA,2025,332
Female,78,RegionA,2023,211
Female,78,RegionA,2024,223
Female,78,RegionA,2025,189
Female,79,RegionA,2023,496
Female,79,RegionA,2024,428
Female,79,RegionA,2025,277
Female,80,RegionA,2023,458
Female,80,RegionA,2024,512
Female,80,RegionA,2025,106
Female,81,RegionA,2023,320
Female,81,RegionA,2024,342
Female,81,RegionA,2025,103
Female,82,RegionA,2023,334
Female,82,RegionA,2024,207
Female,82,RegionA,2025,487
Female,83,RegionA,2023,557
Female,83,RegionA,2024,175
Female,83,RegionA,2025,594
Female,84,RegionA,2023,158
Female,84,RegionA,2024,595
Female,84,RegionA,2025,256
Female,85,RegionA,2023,307
Female,85,RegionA,2024,475
Female,85,RegionA,2025,542
Female,86,RegionA,2023,364
Female,86,RegionA,2024,311
Female,86,RegionA,2025,583
Female,87,RegionA,2023,172
Female,87,RegionA,2024,538
Female,87,RegionA,2025,502
Female,88,RegionA,2023,323
Female,88,RegionA,2024,278
Female,88,RegionA,2025,510
Female,89,RegionA,2023,545
Female,89,RegionA,2024,364
Female,89,RegionA,2025,543
Female,90,RegionA,2023,281
Female,90,RegionA,2024,115
Female,90,RegionA,2025,291
Male,0,RegionA,2023,580
Male,0,RegionA,2024,456
Male,0,RegionA,2025,116
Male,1,RegionA,2023,325
Male,1,RegionA,2024,541
Male,1,RegionA,2025,448
Male,2,RegionA,2023,405
Male,2,RegionA,2024,530
Male,2,RegionA,2025,317
Male,3,RegionA,2023,567
Male,3,RegionA,2024,430
Male,3,RegionA,2025,577
Male,4,RegionA,2023,287
Male,4,RegionA,2024,276
Male,4,RegionA,2025,539
Male,5,RegionA,2023,429
Male,5,RegionA,2024,283
Male,5,RegionA,2025,497
Male,6,RegionA,2023,395
Male,6,RegionA,2024,364
Male,6,RegionA,2025,312
Male,7,RegionA,2023,312
Male,7,RegionA,2024,499
Male,7,RegionA,2025,483
Male,8,RegionA,2023,101
Male,8,RegionA,2024,202
Male,8,RegionA,2025,584
Male,9,RegionA,2023,294
Male,9,RegionA,2024,572
Male,9,RegionA,2025,201
Male,10,RegionA,2023,325
Male,10,RegionA,2024,325
Male,10,RegionA,2025,266
Male,11,RegionA,2023,258
Male,11,RegionA,2024,140
Male,11,RegionA,2025,189
Male,12,RegionA,2023,450
Male,12,RegionA,2024,481
Male,12,RegionA,2025,431
Male,13,RegionA,2023,342
Male,13,RegionA,2024,563
Male,13,RegionA,2025,469
Male,14,RegionA,2023,100
Male,14,RegionA,2024,238
Male,14,RegionA,2025,593
Male,15,RegionA,2023,454
Male,15,RegionA,2024,393
Male,15,RegionA,2025,384
Male,16,RegionA,2023,458
Male,16,RegionA,2024,116
Male,16,RegionA,2025,400
Male,17,RegionA,2023,330
Male,17,RegionA,2024,210
Male,17,RegionA,2025,455
Male,18,RegionA,2023,239
Male,18,RegionA,2024,542
Male,18,RegionA,2025,563
Male,19,RegionA,2023,278
Male,19,RegionA,2024,489
Male,19,RegionA,2025,127
Male,20,RegionA,2023,390
Male,20,RegionA,2024,211
Male,20,RegionA,2025,389
Male,21,RegionA,2023,593
Male,21,RegionA,2024,143
Male,21,RegionA,2025,262
Male,22,RegionA,2023,206
Male,22,RegionA,2024,247
Male,22,RegionA,2025,396
Male,23,RegionA,2023,568
Male,23,RegionA,2024,513
Male,23,RegionA,2025,371
Male,24,RegionA,2023,122
Male,24,RegionA,2024,392
Male,24,RegionA,2025,323
Male,25,RegionA,2023,412
Male,25,RegionA,2024,299
Male,25,RegionA,2025,459
Male,26,RegionA,2023,193
Male,26,RegionA,2024,509
Male,26,RegionA,2025,217
Male,27,RegionA,2023,292
Male,27,RegionA,2024,363
Male,27,RegionA,2025,446
Male,28,RegionA,2023,545
Male,28,RegionA,2024,158
Male,28,RegionA,2025,578
Male,29,RegionA,2023,239
Male,29,RegionA,2024,460
Male,29,RegionA,2025,481
Male,30,RegionA,2023,317
Male,30,RegionA,2024,546
Male,30,RegionA,2025,351
Male,31,RegionA,2023,164
Male,31,RegionA,2024,488
Male,31,RegionA,2025,538
Male,32,RegionA,2023,194
Male,32,RegionA,2024,471
Male,32,RegionA,2025,501
Male,33,RegionA,2023,175
Male,33,RegionA,2024,535
Male,33,RegionA,2025,453
Male,34,RegionA,2023,508
Male,34,RegionA,2024,487
Male,34,RegionA,2025,288
Male,35,RegionA,2023,422
Male,35,RegionA,2024,136
Male,35,RegionA,2025,585
Male,36,RegionA,2023,232
Male,36,RegionA,2024,170
Male,36,RegionA,2025,482
Male,37,RegionA,2023,200
Male,37,RegionA,2024,208
Male,37,RegionA,2025,570
Male,38,RegionA,2023,486
Male,38,RegionA,2024,426
Male,38,RegionA,2025,250
Male,39,RegionA,2023,306
Male,39,RegionA,2024,199
Male,39,RegionA,2025,390
Male,40,RegionA,2023,365
Male,40,RegionA,2024,220
Male,40,RegionA,2025,401
Male,41,RegionA,2023,277
Male,41,RegionA,2024,401
Male,41,RegionA,2025,201
Male,42,RegionA,2023,483
Male,42,RegionA,2024,357
Male,42,RegionA,2025,286
Male,43,RegionA,2023,202
Male,43,RegionA,2024,135
Male,43,RegionA,2025,296
Male,44,RegionA,2023,528
Male,44,RegionA,2024,115
Male,44,RegionA,2025,201
Male,45,RegionA,2023,108
Male,45,RegionA,2024,227
Male,45,RegionA,2025,129
Male,46,RegionA,2023,442
Male,46,RegionA,2024,571
Male,46,RegionA,2025,276
Male,47,RegionA,2023,547
Male,47,RegionA,2024,507
Male,47,RegionA,2025,390
Male,48,RegionA,2023,549
Male,48,RegionA,2024,260
Male,48,RegionA,2025,165
Male,49,RegionA,2023,135
Male,49,RegionA,2024,385
Male,49,RegionA,2025,199
Male,50,RegionA,2023,570
Male,50,RegionA,2024,168
Male,50,RegionA,2025,199
Male,51,RegionA,2023,472
Male,51,RegionA,2024,151
Male,51,RegionA,2025,200
Male,52,RegionA,2023,467
Male,52,RegionA,2024,114
Male,52,RegionA,2025,469
Male,53,RegionA,2023,531
Male,53,RegionA,2024,235
Male,53,RegionA,2025,511
Male,54,RegionA,2023,495
Male,54,RegionA,2024,104
Male,54,RegionA,2025,568
Male,55,RegionA,2023,586
Male,55,RegionA,2024,515
Male,55,RegionA,2025,175
Male,56,RegionA,2023,126
Male,56,RegionA,2024,204
Male,56,RegionA,2025,516
Male,57,RegionA,2023,310
Male,57,RegionA,2024,460
Male,57,RegionA,2025,138
Male,58,RegionA,2023,422
Male,58,RegionA,2024,536
Male,58,RegionA,2025,429
Male,59,RegionA,2023,102
Male,59,RegionA,2024,447
Male,59,RegionA,2025,238
Male,60,RegionA,2023,406
Male,60,RegionA,2024,480
Male,60,RegionA,2025,390
Male,61,RegionA,2023,106
Male,61,RegionA,2024,575
Male,61,RegionA,2025,271
Male,62,RegionA,2023,247
Male,62,RegionA,2024,297
Male,62,RegionA,2025,129
Male,63,RegionA,2023,268
Male,63,RegionA,2024,478
Male,63,RegionA,2025,387
Male,64,RegionA,2023,362
Male,64,RegionA,2024,189
Male,64,RegionA,2025,203
Male,65,RegionA,2023,488
Male,65,RegionA,2024,139
Male,65,RegionA,2025,358
Male,66,RegionA,2023,136
Male,66,RegionA,2024,237
Male,66,RegionA,2025,413
Male,67,RegionA,2023,213
Male,67,RegionA,2024,226
Male,67,RegionA,2025,569
Male,68,RegionA,2023,242
Male,68,RegionA,2024,531
Male,68,RegionA,2025,283
Male,69,RegionA,2023,598
Male,69,RegionA,2024,173
Male,69,RegionA,2025,466
Male,70,RegionA,2023,346
Male,70,RegionA,2024,282
Male,70,RegionA,2025,199
Male,71,RegionA,2023,167
Male,71,RegionA,2024,320
Male,71,RegionA,2025,133
Male,72,RegionA,2023,488
Male,72,RegionA,2024,120
Male,72,RegionA,2025,575
Male,73,RegionA,2023,575
Male,73,RegionA,2024,189
Male,73,RegionA,2025,546
Male,74,RegionA,2023,137
Male,74,RegionA,2024,227
Male,74,RegionA,2025,425
Male,75,RegionA,2023,483
Male,75,RegionA,2024,586
Male,75,RegionA,2025,364
Male,76,RegionA,2023,463
Male,76,RegionA,2024,138
Male,76,RegionA,2025,503
Male,77,RegionA,2023,475
Male,77,RegionA,2024,160
Male,77,RegionA,2025,361
Male,78,RegionA,2023,238
Male,78,RegionA,2024,588
Male,78,RegionA,2025,562
Male,79,RegionA,2023,513
Male,79,RegionA,2024,448
Male,79,RegionA,2025,470
Male,80,RegionA,2023,390
Male,80,RegionA,2024,371
Male,80,RegionA,2025,433
Male,81,RegionA,2023,297
Male,81,RegionA,2024,233
Male,81,RegionA,2025,207
Male,82,RegionA,2023,569
Male,82,RegionA,2024,115
Male,82,RegionA,2025,537
Male,83,RegionA,2023,400
Male,83,RegionA,2024,190
Male,83,RegionA,2025,192
Male,84,RegionA,2023,490
Male,84,RegionA,2024,447
Male,84,RegionA,2025,489
Male,85,RegionA,2023,582
Male,85,RegionA,2024,323
Male,85,RegionA,2025,421
Male,86,RegionA,2023,359
Male,86,RegionA,2024,112
Male,86,RegionA,2025,151
Male,87,RegionA,2023,231
Male,87,RegionA,2024,457
Male,87,RegionA,2025,158
Male,88,RegionA,2023,474
Male,88,RegionA,2024,129
Male,88,RegionA,2025,490
Male,89,RegionA,2023,434
Male,89,RegionA,2024,262
Male,89,RegionA,2025,335
Male,90,RegionA,2023,286
Male,90,RegionA,2024,320
Male,90,RegionA,2025,341
Female,0,RegionB,2023,463
Female,0,RegionB,2024,459
Female,0,RegionB,2025,545
Female,1,RegionB,2023,589
Female,1,RegionB,2024,288
Female,1,RegionB,2025,342
Female,2,RegionB,2023,532
Female,2,RegionB,2024,426
Female,2,RegionB,2025,508
Female,3,RegionB,2023,116
Female,3,RegionB,2024,389
Female,3,RegionB,2025,108
Female,4,RegionB,2023,317
Female,4,RegionB,2024,337
Female,4,RegionB,2025,237
Female,5,RegionB,2023,427
Female,5,RegionB,2024,165
Female,5,RegionB,2025,274
Female,6,RegionB,2023,531
Female,6,RegionB,2024,112
Female,6,RegionB,2025,405
Female,7,RegionB,2023,461
Female,7,RegionB,2024,247
Female,7,RegionB,2025,263
Female,8,RegionB,2023,235
Female,8,RegionB,2024,473
Female,8,RegionB,2025,543
Female,9,RegionB,2023,169
Female,9,RegionB,2024,153
Female,9,RegionB,2025,466
Female,10,RegionB,2023,383
Female,10,RegionB,2024,102
Female,10,RegionB,2025,176
Female,11,RegionB,2023,100
Female,11,RegionB,2024,452
Female,11,RegionB,2025,144
Female,12,RegionB,2023,536
Female,12,RegionB,2024,490
Female,12,RegionB,2025,382
Female,13,RegionB,2023,271
Female,13,RegionB,2024,457
Female,13,RegionB,2025,398
Female,14,RegionB,2023,467
Female,14,RegionB,2024,354
Female,14,RegionB,2025,402
Female,15,RegionB,2023,451
Female,15,RegionB,2024,234
Female,15,RegionB,2025,236
Female,16,RegionB,2023,384
Female,16,RegionB,2024,225
Female,16,RegionB,2025,522
Female,17,RegionB,2023,563
Female,17,RegionB,2024,534
Female,17,RegionB,2025,489
Female,18,RegionB,2023,132
Female,18,RegionB,2024,182
Female,18,RegionB,2025,264
Female,19,RegionB,2023,272
Female,19,RegionB,2024,523
Female,19,RegionB,2025,234
Female,20,RegionB,2023,354
Female,20,RegionB,2024,237
Female,20,RegionB,2025,188
Female,21,RegionB,2023,171
Female,21,RegionB,2024,383
Female,21,RegionB,2025,519
Female,22,RegionB,2023,207
Female,22,RegionB,2024,161
Female,22,RegionB,2025,589
Female,23,RegionB,2023,308
Female,23,RegionB,2024,429
Female,23,RegionB,2025,315
Female,24,RegionB,2023,379
Female,24,RegionB,2024,244
Female,24,RegionB,2025,398
Female,25,RegionB,2023,312
Female,25,RegionB,2024,545
Female,25,RegionB,2025,249
Female,26,RegionB,2023,547
Female,26,RegionB,2024,195
Female,26,RegionB,2025,343
Female,27,RegionB,2023,175
Female,27,RegionB,2024,426
Female,27,RegionB,2025,405
Female,28,RegionB,2023,570
Female,28,RegionB,2024,398
Female,28,RegionB,2025,244
Female,29,RegionB,2023,267
Female,29,RegionB,2024,475
Female,29,RegionB,2025,302
Female,30,RegionB,2023,385
Female,30,RegionB,2024,332
Female,30,RegionB,2025,558
Female,31,RegionB,2023,433
Female,31,RegionB,2024,364
Female,31,RegionB,2025,339
Female,32,RegionB,2023,387
Female,32,RegionB,2024,116
Female,32,RegionB,2025,410
Female,33,RegionB,2023,235
Female,33,RegionB,2024,325
Female,33,RegionB,2025,160
Female,34,RegionB,2023,426
Female,34,RegionB,2024,112
Female,34,RegionB,2025,252
Female,35,RegionB,2023,232
Female,35,RegionB,2024,150
Female,35,RegionB,2025,383
Female,36,RegionB,2023,251
Female,36,RegionB,2024,339
Female,36,RegionB,2025,540
Female,37,RegionB,2023,408
Female,37,RegionB,2024,231
Female,37,RegionB,2025,154
Female,38,RegionB,2023,416
Female,38,RegionB,2024,380
Female,38,RegionB,2025,486
Female,39,RegionB,2023,473
Female,39,RegionB,2024,372
Female,39,RegionB,2025,479
Female,40,RegionB,2023,316
Female,40,RegionB,2024,454
Female,40,RegionB,2025,124
Female,41,RegionB,2023,208
Female,41,RegionB,2024,509
Female,41,RegionB,2025,344
Female,42,RegionB,2023,193
Female,42,RegionB,2024,277
Female,42,RegionB,2025,331
Female,43,RegionB,2023,593
Female,43,RegionB,2024,444
Female,43,RegionB,2025,175
Female,44,RegionB,2023,222
Female,44,RegionB,2024,448
Female,44,RegionB,2025,325
Female,45,RegionB,2023,290
Female,45,RegionB,2024,558
Female,45,RegionB,2025,499
Female,46,RegionB,2023,415
Female,46,RegionB,2024,385
Female,46,RegionB,2025,156
Female,47,RegionB,2023,226
Female,47,RegionB,2024,382
Female,47,RegionB,2025,193
Female,48,RegionB,2023,418
Female,48,RegionB,2024,183
Female,48,RegionB,2025,133
Female,49,RegionB,2023,171
Female,49,RegionB,2024,152
Female,49,RegionB,2025,163
Female,50,RegionB,2023,365
Female,50,RegionB,2024,278
Female,50,RegionB,2025,391
Female,51,RegionB,2023,506
Female,51,RegionB,2024,102
Female,51,RegionB,2025,235
Female,52,RegionB,2023,467
Female,52,RegionB,2024,263
Female,52,RegionB,2025,331
Female,53,RegionB,2023,505
Female,53,RegionB,2024,531
Female,53,RegionB,2025,231
Female,54,RegionB,2023,540
Female,54,RegionB,2024,116
Female,54,RegionB,2025,158
Female,55,RegionB,2023,376
Female,55,RegionB,2024,569
Female,55,RegionB,2025,291
Female,56,RegionB,2023,171
Female,56,RegionB,2024,415
Female,56,RegionB,2025,201
Female,57,RegionB,2023,214
Female,57,RegionB,2024,450
Female,57,RegionB,2025,141
Female,58,RegionB,2023,454
Female,58,RegionB,2024,107
Female,58,RegionB,2025,389
Female,59,RegionB,2023,596
Female,59,RegionB,2024,288
Female,59,RegionB,2025,192
Female,60,RegionB,2023,594
Female,60,RegionB,2024,531
Female,60,RegionB,2025,338
Female,61,RegionB,2023,210
Female,61,RegionB,2024,443
Female,61,RegionB,2025,483
Female,62,RegionB,2023,549
Female,62,RegionB,2024,247
Female,62,RegionB,2025,509
Female,63,RegionB,2023,289
Female,63,RegionB,2024,132
Female,63,RegionB,2025,521
Female,64,RegionB,2023,463
Female,64,RegionB,2024,170
Female,64,RegionB,2025,342
Female,65,RegionB,2023,295
Female,65,RegionB,2024,254
Female,65,RegionB,2025,170
Female,66,RegionB,2023,282
Female,66,RegionB,2024,335
Female,66,RegionB,2025,404
Female,67,RegionB,2023,164
Female,67,RegionB,2024,547
Female,67,RegionB,2025,147
Female,68,RegionB,2023,325
Female,68,RegionB,2024,211
Female,68,RegionB,2025,516
Female,69,RegionB,2023,262
Female,69,RegionB,2024,196
Female,69,RegionB,2025,477
Female,70,RegionB,2023,338
Female,70,RegionB,2024,440
Female,70,RegionB,2025,525
Female,71,RegionB,2023,491
Female,71,RegionB,2024,575
Female,71,RegionB,2025,229
Female,72,RegionB,2023,139
Female,72,RegionB,2024,236
Female,72,RegionB,2025,313
Female,73,RegionB,2023,364
Female,73,RegionB,2024,484
Female,73,RegionB,2025,554
Female,74,RegionB,2023,448
Female,74,RegionB,2024,563
Female,74,RegionB,2025,365
Female,75,RegionB,2023,168
Female,75,RegionB,2024,155
Female,75,RegionB,2025,530
Female,76,RegionB,2023,263
Female,76,RegionB,2024,537
Female,76,RegionB,2025,317
Female,77,RegionB,2023,296
Female,77,RegionB,2024,406
Female,77,RegionB,2025,433
Female,78,RegionB,2023,398
Female,78,RegionB,2024,180
Female,78,RegionB,2025,203
Female,79,RegionB,2023,488
Female,79,RegionB,2024,564
Female,79,RegionB,2025,594
Female,80,RegionB,2023,272
Female,80,RegionB,2024,493
Female,80,RegionB,2025,497
Female,81,RegionB,2023,107
Female,81,RegionB,2024,239
Female,81,RegionB,2025,395
Female,82,RegionB,2023,288
Female,82,RegionB,2024,529
Female,82,RegionB,2025,101
Female,83,RegionB,2023,374
Female,83,RegionB,2024,102
Female,83,RegionB,2025,310
Female,84,RegionB,2023,531
Female,84,RegionB,2024,488
Female,84,RegionB,2025,231
Female,85,RegionB,2023,136
Female,85,RegionB,2024,170
Female,85,RegionB,2025,388
Female,86,RegionB,2023,226
Female,86,RegionB,2024,135
Female,86,RegionB,2025,323
Female,87,RegionB,2023,399
Female,87,RegionB,2024,508
Female,87,RegionB,2025,370
Female,88,RegionB,2023,368
Female,88,RegionB,2024,284
Female,88,RegionB,2025,540
Female,89,RegionB,2023,401
Female,89,RegionB,2024,570
Female,89,RegionB,2025,342
Female,90,RegionB,2023,563
Female,90,RegionB,2024,340
Female,90,RegionB,2025,267
Male,0,RegionB,2023,422
Male,0,RegionB,2024,116
Male,0,RegionB,2025,443
Male,1,RegionB,2023,105
Male,1,RegionB,2024,128
Male,1,RegionB,2025,175
Male,2,RegionB,2023,153
Male,2,RegionB,2024,449
Male,2,RegionB,2025,490
Male,3,RegionB,2023,413
Male,3,RegionB,2024,194
Male,3,RegionB,2025,105
Male,4,RegionB,2023,213
Male,4,RegionB,2024,284
Male,4,RegionB,2025,289
Male,5,RegionB,2023,446
Male,5,RegionB,2024,229
Male,5,RegionB,2025,472
Male,6,RegionB,2023,592
Male,6,RegionB,2024,375
Male,6,RegionB,2025,596
Male,7,RegionB,2023,482
Male,7,RegionB,2024,302
Male,7,RegionB,2025,290
Male,8,RegionB,2023,154
Male,8,RegionB,2024,261
Male,8,RegionB,2025,599
Male,9,RegionB,2023,590
Male,9,RegionB,2024,110
Male,9,RegionB,2025,572
Male,10,RegionB,2023,436
Male,10,RegionB,2024,190
Male,10,RegionB,2025,441
Male,11,RegionB,2023,457
Male,11,RegionB,2024,441
Male,11,RegionB,2025,305
Male,12,RegionB,2023,411
Male,12,RegionB,2024,359
Male,12,RegionB,2025,227
Male,13,RegionB,2023,530
Male,13,RegionB,2024,515
Male,13,RegionB,2025,348
Male,14,RegionB,2023,370
Male,14,RegionB,2024,281
Male,14,RegionB,2025,543
Male,15,RegionB,2023,254
Male,15,RegionB,2024,420
Male,15,RegionB,2025,434
Male,16,RegionB,2023,133
Male,16,RegionB,2024,361
Male,16,RegionB,2025,343
Male,17,RegionB,2023,364
Male,17,RegionB,2024,537
Male,17,RegionB,2025,137
Male,18,RegionB,2023,397
Male,18,RegionB,2024,117
Male,18,RegionB,2025,266
Male,19,RegionB,2023,430
Male,19,RegionB,2024,273
Male,19,RegionB,2025,596
Male,20,RegionB,2023,436
Male,20,RegionB,2024,436
Male,20,RegionB,2025,271
Male,21,RegionB,2023,437
Male,21,RegionB,2024,302
Male,21,RegionB,2025,464
Male,22,RegionB,2023,279
Male,22,RegionB,2024,191
Male,22,RegionB,2025,568
Male,23,RegionB,2023,596
Male,23,RegionB,2024,345
Male,23,RegionB,2025,503
Male,24,RegionB,2023,144
Male,24,RegionB,2024,403
Male,24,RegionB,2025,238
Male,25,RegionB,2023,216
Male,25,RegionB,2024,158
Male,25,RegionB,2025,124
Male,26,RegionB,2023,271
Male,26,RegionB,2024,106
Male,26,RegionB,2025,407
Male,27,RegionB,2023,487
Male,27,RegionB,2024,566
Male,27,RegionB,2025,417
Male,28,RegionB,2023,512
Male,28,RegionB,2024,230
Male,28,RegionB,2025,314
Male,29,RegionB,2023,538
Male,29,RegionB,2024,212
Male,29,RegionB,2025,389
Male,30,RegionB,2023,144
Male,30,RegionB,2024,117
Male,30,RegionB,2025,487
Male,31,RegionB,2023,235
Male,31,RegionB,2024,458
Male,31,RegionB,2025,132
Male,32,RegionB,2023,291
Male,32,RegionB,2024,361
Male,32,RegionB,2025,366
Male,33,RegionB,2023,552
Male,33,RegionB,2024,312
Male,33,RegionB,2025,532
Male,34,RegionB,2023,347
Male,34,RegionB,2024,594
Male,34,RegionB,2025,163
Male,35,RegionB,2023,510
Male,35,RegionB,2024,479
Male,35,RegionB,2025,410
Male,36,RegionB,2023,217
Male,36,RegionB,2024,267
Male,36,RegionB,2025,418
Male,37,RegionB,2023,488
Male,37,RegionB,2024,412
Male,37,RegionB,2025,420
Male,38,RegionB,2023,359
Male,38,RegionB,2024,557
Male,38,RegionB,2025,216
Male,39,RegionB,2023,253
Male,39,RegionB,2024,329
Male,39,RegionB,2025,438
Male,40,RegionB,2023,317
Male,40,RegionB,2024,468
Male,40,RegionB,2025,428
Male,41,RegionB,2023,181
Male,41,RegionB,2024,486
Male,41,RegionB,2025,120
Male,42,RegionB,2023,271
Male,42,RegionB,2024,156
Male,42,RegionB,2025,224
Male,43,RegionB,2023,148
Male,43,RegionB,2024,219
Male,43,RegionB,2025,137
Male,44,RegionB,2023,547
Male,44,RegionB,2024,555
Male,44,RegionB,2025,220
Male,45,RegionB,2023,250
Male,45,RegionB,2024,136
Male,45,RegionB,2025,380
Male,46,RegionB,2023,149
Male,46,RegionB,2024,367
Male,46,RegionB,2025,509
Male,47,RegionB,2023,455
Male,47,RegionB,2024,305
Male,47,RegionB,2025,128
Male,48,RegionB,2023,475
Male,48,RegionB,2024,392
Male,48,RegionB,2025,480
Male,49,RegionB,2023,347
Male,49,RegionB,2024,436
Male,49,RegionB,2025,584
Male,50,RegionB,2023,216
Male,50,RegionB,2024,444
Male,50,RegionB,2025,166
Male,51,RegionB,2023,187
Male,51,RegionB,2024,380
Male,51,RegionB,2025,142
Male,52,RegionB,2023,493
Male,52,RegionB,2024,386
Male,52,RegionB,2025,421
Male,53,RegionB,2023,296
Male,53,RegionB,2024,539
Male,53,RegionB,2025,155
Male,54,RegionB,2023,550
Male,54,RegionB,2024,386
Male,54,RegionB,2025,190
Male,55,RegionB,2023,121
Male,55,RegionB,2024,452
Male,55,RegionB,2025,379
Male,56,RegionB,2023,193
Male,56,RegionB,2024,170
Male,56,RegionB,2025,217
Male,57,RegionB,2023,241
Male,57,RegionB,2024,247
Male,57,RegionB,2025,159
Male,58,RegionB,2023,526
Male,58,RegionB,2024,296
Male,58,RegionB,2025,263
Male,59,RegionB,2023,308
Male,59,RegionB,2024,529
Male,59,RegionB,2025,219
Male,60,RegionB,2023,548
Male,60,RegionB,2024,367
Male,60,RegionB,2025,165
Male,61,RegionB,2023,582
Male,61,RegionB,2024,333
Male,61,RegionB,2025,467
Male,62,RegionB,2023,222
Male,62,RegionB,2024,243
Male,62,RegionB,2025,393
Male,63,RegionB,2023,396
Male,63,RegionB,2024,462
Male,63,RegionB,2025,568
Male,64,RegionB,2023,286
Male,64,RegionB,2024,269
Male,64,RegionB,2025,489
Male,65,RegionB,2023,286
Male,65,RegionB,2024,470
Male,65,RegionB,2025,533
Male,66,RegionB,2023,333
Male,66,RegionB,2024,595
Male,66,RegionB,2025,336
Male,67,RegionB,2023,415
Male,67,RegionB,2024,468
Male,67,RegionB,2025,436
Male,68,RegionB,2023,205
Male,68,RegionB,2024,154
Male,68,RegionB,2025,186
Male,69,RegionB,2023,111
Male,69,RegionB,2024,519
Male,69,RegionB,2025,116
Male,70,RegionB,2023,288
Male,70,RegionB,2024,375
Male,70,RegionB,2025,543
Male,71,RegionB,2023,557
Male,71,RegionB,2024,207
Male,71,RegionB,2025,534
Male,72,RegionB,2023,484
Male,72,RegionB,2024,211
Male,72,RegionB,2025,551
Male,73,RegionB,2023,325
Male,73,RegionB,2024,375
Male,73,RegionB,2025,466
Male,74,RegionB,2023,193
Male,74,RegionB,2024,177
Male,74,RegionB,2025,414
Male,75,RegionB,2023,583
Male,75,RegionB,2024,591
Male,75,RegionB,2025,577
Male,76,RegionB,2023,316
Male,76,RegionB,2024,366
Male,76,RegionB,2025,519
Male,77,RegionB,2023,579
Male,77,RegionB,2024,310
Male,77,RegionB,2025,535
Male,78,RegionB,2023,579
Male,78,RegionB,2024,225
Male,78,RegionB,2025,468
Male,79,RegionB,2023,550
Male,79,RegionB,2024,245
Male,79,RegionB,2025,362
Male,80,RegionB,2023,205
Male,80,RegionB,2024,431
Male,80,RegionB,2025,167
Male,81,RegionB,2023,162
Male,81,RegionB,2024,488
Male,81,RegionB,2025,323
Male,82,RegionB,2023,371
Male,82,RegionB,2024,150
Male,82,RegionB,2025,348
Male,83,RegionB,2023,351
Male,83,RegionB,2024,214
Male,83,RegionB,2025,175
Male,84,RegionB,2023,514
Male,84,RegionB,2024,546
Male,84,RegionB,2025,386
Male,85,RegionB,2023,256
Male,85,RegionB,2024,566
Male,85,RegionB,2025,559
Male,86,RegionB,2023,543
Male,86,RegionB,2024,212
Male,86,RegionB,2025,163
Male,87,RegionB,2023,529
Male,87,RegionB,2024,168
Male,87,RegionB,2025,374
Male,88,RegionB,2023,564
Male,88,RegionB,2024,475
Male,88,RegionB,2025,564
Male,89,RegionB,2023,487
Male,89,RegionB,2024,446
Male,89,RegionB,2025,252
Male,90,RegionB,2023,503
Male,90,RegionB,2024,361
Male,90,RegionB,2025,242
Female,0,RegionC,2023,169
Female,0,RegionC,2024,371
Female,0,RegionC,2025,403
Female,1,RegionC,2023,553
Female,1,RegionC,2024,443
Female,1,RegionC,2025,578
Female,2,RegionC,2023,511
Female,2,RegionC,2024,552
Female,2,RegionC,2025,367
Female,3,RegionC,2023,482
Female,3,RegionC,2024,354
Female,3,RegionC,2025,256
Female,4,RegionC,2023,153
Female,4,RegionC,2024,135
Female,4,RegionC,2025,525
Female,5,RegionC,2023,212
Female,5,RegionC,2024,302
Female,5,RegionC,2025,455
Female,6,RegionC,2023,179
Female,6,RegionC,2024,362
Female,6,RegionC,2025,551
Female,7,RegionC,2023,197
Female,7,RegionC,2024,390
Female,7,RegionC,2025,155
Female,8,RegionC,2023,358
Female,8,RegionC,2024,288
Female,8,RegionC,2025,261
Female,9,RegionC,2023,337
Female,9,RegionC,2024,540
Female,9,RegionC,2025,449
Female,10,RegionC,2023,572
Female,10,RegionC,2024,102
Female,10,RegionC,2025,561
Female,11,RegionC,2023,262
Female,11,RegionC,2024,525
Female,11,RegionC,2025,476
Female,12,RegionC,2023,482
Female,12,RegionC,2024,516
Female,12,RegionC,2025,358
Female,13,RegionC,2023,174
Female,13,RegionC,2024,257
Female,13,RegionC,2025,370
Female,14,RegionC,2023,434
Female,14,RegionC,2024,165
Female,14,RegionC,2025,492
Female,15,RegionC,2023,243
Female,15,RegionC,2024,236
Female,15,RegionC,2025,438
Female,16,RegionC,2023,486
Female,16,RegionC,2024,400
Female,16,RegionC,2025,383
Female,17,RegionC,2023,519
Female,17,RegionC,2024,537
Female,17,RegionC,2025,262
Female,18,RegionC,2023,598
Female,18,RegionC,2024,433
Female,18,RegionC,2025,505
Female,19,RegionC,2023,548
Female,19,RegionC,2024,328
Female,19,RegionC,2025,532
Female,20,RegionC,2023,147
Female,20,RegionC,2024,273
Female,20,RegionC,2025,594
Female,21,RegionC,2023,557
Female,21,RegionC,2024,469
Female,21,RegionC,2025,302
Female,22,RegionC,2023,316
Female,22,RegionC,2024,566
Female,22,RegionC,2025,282
Female,23,RegionC,2023,256
Female,23,RegionC,2024,219
Female,23,RegionC,2025,480
Female,24,RegionC,2023,523
Female,24,RegionC,2024,566
Female,24,RegionC,2025,396
Female,25,RegionC,2023,442
Female,25,RegionC,2024,397
Female,25,RegionC,2025,590
Female,26,RegionC,2023,333
Female,26,RegionC,2024,335
Female,26,RegionC,2025,443
Female,27,RegionC,2023,387
Female,27,RegionC,2024,136
Female,27,RegionC,2025,536
Female,28,RegionC,2023,218
Female,28,RegionC,2024,381
Female,28,RegionC,2025,591
Female,29,RegionC,2023,302
Female,29,RegionC,2024,396
Female,29,RegionC,2025,257
Female,30,RegionC,2023,126
Female,30,RegionC,2024,335
Female,30,RegionC,2025,446
Female,31,RegionC,2023,504
Female,31,RegionC,2024,350
Female,31,RegionC,2025,317
Female,32,RegionC,2023,117
Female,32,RegionC,2024,230
Female,32,RegionC,2025,514
Female,33,RegionC,2023,367
Female,33,RegionC,2024,214
Female,33,RegionC,2025,471
Female,34,RegionC,2023,394
Female,34,RegionC,2024,323
Female,34,RegionC,2025,483
Female,35,RegionC,2023,374
Female,35,RegionC,2024,196
Female,35,RegionC,2025,256
Female,36,RegionC,2023,205
Female,36,RegionC,2024,239
Female,36,RegionC,2025,410
Female,37,RegionC,2023,215
Female,37,RegionC,2024,276
Female,37,RegionC,2025,435
Female,38,RegionC,2023,220
Female,38,RegionC,2024,301
Female,38,RegionC,2025,520
Female,39,RegionC,2023,512
Female,39,RegionC,2024,374
Female,39,RegionC,2025,333
Female,40,RegionC,2023,381
Female,40,RegionC,2024,473
Female,40,RegionC,2025,543
Female,41,RegionC,2023,200
Female,41,RegionC,2024,462
Female,41,RegionC,2025,530
Female,42,RegionC,2023,523
Female,42,RegionC,2024,363
Female,42,RegionC,2025,475
Female,43,RegionC,2023,246
Female,43,RegionC,2024,479
Female,43,RegionC,2025,279
Female,44,RegionC,2023,257
Female,44,RegionC,2024,490
Female,44,RegionC,2025,567
Female,45,RegionC,2023,248
Female,45,RegionC,2024,486
Female,45,RegionC,2025,559
Female,46,RegionC,2023,557
Female,46,RegionC,2024,499
Female,46,RegionC,2025,377
Female,47,RegionC,2023,369
Female,47,RegionC,2024,455
Female,47,RegionC,2025,242
Female,48,RegionC,2023,163
Female,48,RegionC,2024,410
Female,48,RegionC,2025,275
Female,49,RegionC,2023,202
Female,49,RegionC,2024,340
Female,49,RegionC,2025,384
Female,50,RegionC,2023,255
Female,50,RegionC,2024,225
Female,50,RegionC,2025,160
Female,51,RegionC,2023,106
Female,51,RegionC,2024,270
Female,51,RegionC,2025,389
Female,52,RegionC,2023,507
Female,52,RegionC,2024,312
Female,52,RegionC,2025,466
Female,53,RegionC,2023,213
Female,53,RegionC,2024,560
Female,53,RegionC,2025,454
Female,54,RegionC,2023,151
Female,54,RegionC,2024,394
Female,54,RegionC,2025,137
Female,55,RegionC,2023,388
Female,55,RegionC,2024,121
Female,55,RegionC,2025,509
Female,56,RegionC,2023,503
Female,56,RegionC,2024,304
Female,56,RegionC,2025,437
Female,57,RegionC,2023,426
Female,57,RegionC,2024,456
Female,57,RegionC,2025,253
Female,58,RegionC,2023,553
Female,58,RegionC,2024,369
Female,58,RegionC,2025,367
Female,59,RegionC,2023,118
Female,59,RegionC,2024,482
Female,59,RegionC,2025,450
Female,60,RegionC,2023,517
Female,60,RegionC,2024,478
Female,60,RegionC,2025,534
Female,61,RegionC,2023,362
Female,61,RegionC,2024,583
Female,61,RegionC,2025,172
Female,62,RegionC,2023,560
Female,62,RegionC,2024,381
Female,62,RegionC,2025,592
Female,63,RegionC,2023,534
Female,63,RegionC,2024,175
Female,63,RegionC,2025,179
Female,64,RegionC,2023,567
Female,64,RegionC,2024,329
Female,64,RegionC,2025,511
Female,65,RegionC,2023,317
Female,65,RegionC,2024,370
Female,65,RegionC,2025,456
Female,66,RegionC,2023,498
Female,66,RegionC,2024,510
Female,66,RegionC,2025,563
Female,67,RegionC,2023,255
Female,67,RegionC,2024,303
Female,67,RegionC,2025,431
Female,68,RegionC,2023,350
Female,68,RegionC,2024,312
Female,68,RegionC,2025,225
Female,69,RegionC,2023,372
Female,69,RegionC,2024,359
Female,69,RegionC,2025,247
Female,70,RegionC,2023,370
Female,70,RegionC,2024,252
Female,70,RegionC,2025,296
Female,71,RegionC,2023,114
Female,71,RegionC,2024,403
Female,71,RegionC,2025,581
Female,72,RegionC,2023,429
Female,72,RegionC,2024,251
Female,72,RegionC,2025,345
Female,73,RegionC,2023,197
Female,73,RegionC,2024,431
Female,73,RegionC,2025,510
Female,74,RegionC,2023,163
Female,74,RegionC,2024,161
Female,74,RegionC,2025,424
Female,75,RegionC,2023,332
Female,75,RegionC,2024,545
Female,75,RegionC,2025,380
Female,76,RegionC,2023,236
Female,76,RegionC,2024,530
Female,76,RegionC,2025,364
Female,77,RegionC,2023,233
Female,77,RegionC,2024,289
Female,77,RegionC,2025,597
Female,78,RegionC,2023,481
Female,78,RegionC,2024,300
Female,78,RegionC,2025,144
Female,79,RegionC,2023,455
Female,79,RegionC,2024,494
Female,79,RegionC,2025,572
Female,80,RegionC,2023,292
Female,80,RegionC,2024,237
Female,80,RegionC,2025,590
Female,81,RegionC,2023,471
Female,81,RegionC,2024,259
Female,81,RegionC,2025,558
Female,82,RegionC,2023,121
Female,82,RegionC,2024,480
Female,82,RegionC,2025,261
Female,83,RegionC,2023,428
Female,83,RegionC,2024,419
Female,83,RegionC,2025,572
Female,84,RegionC,2023,136
Female,84,RegionC,2024,351
Female,84,RegionC,2025,209
Female,85,RegionC,2023,546
Female,85,RegionC,2024,276
Female,85,RegionC,2025,196
Female,86,RegionC,2023,509
Female,86,RegionC,2024,112
Female,86,RegionC,2025,126
Female,87,RegionC,2023,263
Female,87,RegionC,2024,374
Female,87,RegionC,2025,202
Female,88,RegionC,2023,164
Female,88,RegionC,2024,597
Female,88,RegionC,2025,273
Female,89,RegionC,2023,222
Female,89,RegionC,2024,461
Female,89,RegionC,2025,466
Female,90,RegionC,2023,560
Female,90,RegionC,2024,444
Female,90,RegionC,2025,510
Male,0,RegionC,2023,523
Male,0,RegionC,2024,489
Male,0,RegionC,2025,128
Male,1,RegionC,2023,582
Male,1,RegionC,2024,481
Male,1,RegionC,2025,170
Male,2,RegionC,2023,346
Male,2,RegionC,2024,580
Male,2,RegionC,2025,140
Male,3,RegionC,2023,223
Male,3,RegionC,2024,449
Male,3,RegionC,2025,198
Male,4,RegionC,2023,557
Male,4,RegionC,2024,447
Male,4,RegionC,2025,347
Male,5,RegionC,2023,217
Male,5,RegionC,2024,573
Male,5,RegionC,2025,165
Male,6,RegionC,2023,482
Male,6,RegionC,2024,337
Male,6,RegionC,2025,143
Male,7,RegionC,2023,393
Male,7,RegionC,2024,131
Male,7,RegionC,2025,540
Male,8,RegionC,2023,310
Male,8,RegionC,2024,456
Male,8,RegionC,2025,253
Male,9,RegionC,2023,486
Male,9,RegionC,2024,509
Male,9,RegionC,2025,392
Male,10,RegionC,2023,161
Male,10,RegionC,2024,340
Male,10,RegionC,2025,335
Male,11,RegionC,2023,152
Male,11,RegionC,2024,395
Male,11,RegionC,2025,306
Male,12,RegionC,2023,209
Male,12,RegionC,2024,258
Male,12,RegionC,2025,532
Male,13,RegionC,2023,521
Male,13,RegionC,2024,134
Male,13,RegionC,2025,455
Male,14,RegionC,2023,359
Male,14,RegionC,2024,492
Male,14,RegionC,2025,582
Male,15,RegionC,2023,243
Male,15,RegionC,2024,398
Male,15,RegionC,2025,247
Male,16,RegionC,2023,282
Male,16,RegionC,2024,250
Male,16,RegionC,2025,503
Male,17,RegionC,2023,444
Male,17,RegionC,2024,402
Male,17,RegionC,2025,156
Male,18,RegionC,2023,404
Male,18,RegionC,2024,590
Male,18,RegionC,2025,578
Male,19,RegionC,2023,448
Male,19,RegionC,2024,293
Male,19,RegionC,2025,428
Male,20,RegionC,2023,143
Male,20,RegionC,2024,218
Male,20,RegionC,2025,519
Male,21,RegionC,2023,417
Male,21,RegionC,2024,196
Male,21,RegionC,2025,440
Male,22,RegionC,2023,553
Male,22,RegionC,2024,221
Male,22,RegionC,2025,393
Male,23,RegionC,2023,175
Male,23,RegionC,2024,265
Male,23,RegionC,2025,197
Male,24,RegionC,2023,509
Male,24,RegionC,2024,481
Male,24,RegionC,2025,497
Male,25,RegionC,2023,186
Male,25,RegionC,2024,542
Male,25,RegionC,2025,103
Male,26,RegionC,2023,526
Male,26,RegionC,2024,191
Male,26,RegionC,2025,426
Male,27,RegionC,2023,411
Male,27,RegionC,2024,237
Male,27,RegionC,2025,271
Male,28,RegionC,2023,213
Male,28,RegionC,2024,393
Male,28,RegionC,2025,395
Male,29,RegionC,2023,107
Male,29,RegionC,2024,380
Male,29,RegionC,2025,307
Male,30,RegionC,2023,108
Male,30,RegionC,2024,339
Male,30,RegionC,2025,191
Male,31,RegionC,2023,364
Male,31,RegionC,2024,292
Male,31,RegionC,2025,223
Male,32,RegionC,2023,380
Male,32,RegionC,2024,493
Male,32,RegionC,2025,474
Male,33,RegionC,2023,396
Male,33,RegionC,2024,490
Male,33,RegionC,2025,369
Male,34,RegionC,2023,521
Male,34,RegionC,2024,568
Male,34,RegionC,2025,181
Male,35,RegionC,2023,530
Male,35,RegionC,2024,395
Male,35,RegionC,2025,309
Male,36,RegionC,2023,179
Male,36,RegionC,2024,374
Male,36,RegionC,2025,563
Male,37,RegionC,2023,235
Male,37,RegionC,2024,237
Male,37,RegionC,2025,561
Male,38,RegionC,2023,486
Male,38,RegionC,2024,178
Male,38,RegionC,2025,244
Male,39,RegionC,2023,197
Male,39,RegionC,2024,403
Male,39,RegionC,2025,315
Male,40,RegionC,2023,164
Male,40,RegionC,2024,428
Male,40,RegionC,2025,281
Male,41,RegionC,2023,323
Male,41,RegionC,2024,224
Male,41,RegionC,2025,499
Male,42,RegionC,2023,327
Male,42,RegionC,2024,336
Male,42,RegionC,2025,354
Male,43,RegionC,2023,438
Male,43,RegionC,2024,584
Male,43,RegionC,2025,129
Male,44,RegionC,2023,587
Male,44,RegionC,2024,500
Male,44,RegionC,2025,346
Male,45,RegionC,2023,425
Male,45,RegionC,2024,399
Male,45,RegionC,2025,465
Male,46,RegionC,2023,373
Male,46,RegionC,2024,442
Male,46,RegionC,2025,358
Male,47,RegionC,2023,599
Male,47,RegionC,2024,237
Male,47,RegionC,2025,241
Male,48,RegionC,2023,132
Male,48,RegionC,2024,374
Male,48,RegionC,2025,282
Male,49,RegionC,2023,183
Male,49,RegionC,2024,306
Male,49,RegionC,2025,242
Male,50,RegionC,2023,106
Male,50,RegionC,2024,291
Male,50,RegionC,2025,530
Male,51,RegionC,2023,461
Male,51,RegionC,2024,486
Male,51,RegionC,2025,582
Male,52,RegionC,2023,553
Male,52,RegionC,2024,422
Male,52,RegionC,2025,548
Male,53,RegionC,2023,103
Male,53,RegionC,2024,280
Male,53,RegionC,2025,279
Male,54,RegionC,2023,456
Male,54,RegionC,2024,224
Male,54,RegionC,2025,413
Male,55,RegionC,2023,437
Male,55,RegionC,2024,326
Male,55,RegionC,2025,555
Male,56,RegionC,2023,578
Male,56,RegionC,2024,380
Male,56,RegionC,2025,492
Male,57,RegionC,2023,496
Male,57,RegionC,2024,173
Male,57,RegionC,2025,325
Male,58,RegionC,2023,578
Male,58,RegionC,2024,333
Male,58,RegionC,2025,325
Male,59,RegionC,2023,313
Male,59,RegionC,2024,142
Male,59,RegionC,2025,589
Male,60,RegionC,2023,523
Male,60,RegionC,2024,276
Male,60,RegionC,2025,429
Male,61,RegionC,2023,558
Male,61,RegionC,2024,111
Male,61,RegionC,2025,129
Male,62,RegionC,2023,201
Male,62,RegionC,2024,326
Male,62,RegionC,2025,463
Male,63,RegionC,2023,253
Male,63,RegionC,2024,280
Male,63,RegionC,2025,286
Male,64,RegionC,2023,144
Male,64,RegionC,2024,463
Male,64,RegionC,2025,515
Male,65,RegionC,2023,574
Male,65,RegionC,2024,337
Male,65,RegionC,2025,221
Male,66,RegionC,2023,482
Male,66,RegionC,2024,593
Male,66,RegionC,2025,511
Male,67,RegionC,2023,231
Male,67,RegionC,2024,476
Male,67,RegionC,2025,168
Male,68,RegionC,2023,185
Male,68,RegionC,2024,295
Male,68,RegionC,2025,272
Male,69,RegionC,2023,496
Male,69,RegionC,2024,157
Male,69,RegionC,2025,519
Male,70,RegionC,2023,290
Male,70,RegionC,2024,433
Male,70,RegionC,2025,324
Male,71,RegionC,2023,214
Male,71,RegionC,2024,502
Male,71,RegionC,2025,378
Male,72,RegionC,2023,121
Male,72,RegionC,2024,384
Male,72,RegionC,2025,256
Male,73,RegionC,2023,443
Male,73,RegionC,2024,574
Male,73,RegionC,2025,138
Male,74,RegionC,2023,438
Male,74,RegionC,2024,526
Male,74,RegionC,2025,348
Male,75,RegionC,2023,559
Male,75,RegionC,2024,396
Male,75,RegionC,2025,542
Male,76,RegionC,2023,403
Male,76,RegionC,2024,352
Male,76,RegionC,2025,348
Male,77,RegionC,2023,584
Male,77,RegionC,2024,157
Male,77,RegionC,2025,120
Male,78,RegionC,2023,330
Male,78,RegionC,2024,401
Male,78,RegionC,2025,313
Male,79,RegionC,2023,193
Male,79,RegionC,2024,395
Male,79,RegionC,2025,507
Male,80,RegionC,2023,425
Male,80,RegionC,2024,342
Male,80,RegionC,2025,568
Male,81,RegionC,2023,152
Male,81,RegionC,2024,533
Male,81,RegionC,2025,283
Male,82,RegionC,2023,139
Male,82,RegionC,2024,154
Male,82,RegionC,2025,485
Male,83,RegionC,2023,489
Male,83,RegionC,2024,293
Male,83,RegionC,2025,150
Male,84,RegionC,2023,370
Male,84,RegionC,2024,221
Male,84,RegionC,2025,461
Male,85,RegionC,2023,479
Male,85,RegionC,2024,420
Male,85,RegionC,2025,107
Male,86,RegionC,2023,525
Male,86,RegionC,2024,198
Male,86,RegionC,2025,540
Male,87,RegionC,2023,579
Male,87,RegionC,2024,583
Male,87,RegionC,2025,247
Male,88,RegionC,2023,445
Male,88,RegionC,2024,375
Male,88,RegionC,2025,184
Male,89,RegionC,2023,426
Male,89,RegionC,2024,158
Male,89,RegionC,2025,171
Male,90,RegionC,2023,139
Male,90,RegionC,2024,358
Male,90,RegionC,2025,493
Female,0,RegionD,2023,139
Female,0,RegionD,2024,486
Female,0,RegionD,2025,578
Female,1,RegionD,2023,597
Female,1,RegionD,2024,297
Female,1,RegionD,2025,443
Female,2,RegionD,2023,461
Female,2,RegionD,2024,169
Female,2,RegionD,2025,188
Female,3,RegionD,2023,516
Female,3,RegionD,2024,152
Female,3,RegionD,2025,447
Female,4,RegionD,2023,442
Female,4,RegionD,2024,391
Female,4,RegionD,2025,395
Female,5,RegionD,2023,373
Female,5,RegionD,2024,250
Female,5,RegionD,2025,486
Female,6,RegionD,2023,528
Female,6,RegionD,2024,111
Female,6,RegionD,2025,406
Female,7,RegionD,2023,280
Female,7,RegionD,2024,491
Female,7,RegionD,2025,530
Female,8,RegionD,2023,342
Female,8,RegionD,2024,420
Female,8,RegionD,2025,208
Female,9,RegionD,2023,176
Female,9,RegionD,2024,500
Female,9,RegionD,2025,552
Female,10,RegionD,2023,113
Female,10,RegionD,2024,490
Female,10,RegionD,2025,280
Female,11,RegionD,2023,238
Female,11,RegionD,2024,568
Female,11,RegionD,2025,106
Female,12,RegionD,2023,255
Female,12,RegionD,2024,191
Female,12,RegionD,2025,259
Female,13,RegionD,2023,537
Female,13,RegionD,2024,403
Female,13,RegionD,2025,545
Female,14,RegionD,2023,434
Female,14,RegionD,2024,575
Female,14,RegionD,2025,115
Female,15,RegionD,2023,314
Female,15,RegionD,2024,364
Female,15,RegionD,2025,594
Female,16,RegionD,2023,155
Female,16,RegionD,2024,388
Female,16,RegionD,2025,266
Female,17,RegionD,2023,145
Female,17,RegionD,2024,306
Female,17,RegionD,2025,165
Female,18,RegionD,2023,525
Female,18,RegionD,2024,575
Female,18,RegionD,2025,175
Female,19,RegionD,2023,506
Female,19,RegionD,2024,221
Female,19,RegionD,2025,300
Female,20,RegionD,2023,385
Female,20,RegionD,2024,198
Female,20,RegionD,2025,559
Female,21,RegionD,2023,341
Female,21,RegionD,2024,429
Female,21,RegionD,2025,382
Female,22,RegionD,2023,436
Female,22,RegionD,2024,231
Female,22,RegionD,2025,455
Female,23,RegionD,2023,574
Female,23,RegionD,2024,147
Female,23,RegionD,2025,451
Female,24,RegionD,2023,433
Female,24,RegionD,2024,337
Female,24,RegionD,2025,370
Female,25,RegionD,2023,217
Female,25,RegionD,2024,442
Female,25,RegionD,2025,189
Female,26,RegionD,2023,570
Female,26,RegionD,2024,429
Female,26,RegionD,2025,425
Female,27,RegionD,2023,514
Female,27,RegionD,2024,532
Female,27,RegionD,2025,213
Female,28,RegionD,2023,116
Female,28,RegionD,2024,425
Female,28,RegionD,2025,126
Female,29,RegionD,2023,415
Female,29,RegionD,2024,458
Female,29,RegionD,2025,519
Female,30,RegionD,2023,346
Female,30,RegionD,2024,584
Female,30,RegionD,2025,136
Female,31,RegionD,2023,157
Female,31,RegionD,2024,254
Female,31,RegionD,2025,539
Female,32,RegionD,2023,397
Female,32,RegionD,2024,304
Female,32,RegionD,2025,413
Female,33,RegionD,2023,416
Female,33,RegionD,2024,100
Female,33,RegionD,2025,254
Female,34,RegionD,2023,278
Female,34,RegionD,2024,585
Female,34,RegionD,2025,278
Female,35,RegionD,2023,511
Female,35,RegionD,2024,356
Female,35,RegionD,2025,262
Female,36,RegionD,2023,295
Female,36,RegionD,2024,430
Female,36,RegionD,2025,566
Female,37,RegionD,2023,304
Female,37,RegionD,2024,133
Female,37,RegionD,2025,119
Female,38,RegionD,2023,593
Female,38,RegionD,2024,235
Female,38,RegionD,2025,363
Female,39,RegionD,2023,192
Female,39,RegionD,2024,283
Female,39,RegionD,2025,247
Female,40,RegionD,2023,181
Female,40,RegionD,2024,406
Female,40,RegionD,2025,339
Female,41,RegionD,2023,180
Female,41,RegionD,2024,319
Female,41,RegionD,2025,191
Female,42,RegionD,2023,187
Female,42,RegionD,2024,562
Female,42,RegionD,2025,361
Female,43,RegionD,2023,183
Female,43,RegionD,2024,584
Female,43,RegionD,2025,306
Female,44,RegionD,2023,268
Female,44,RegionD,2024,191
Female,44,RegionD,2025,374
Female,45,RegionD,2023,299
Female,45,RegionD,2024,358
Female,45,RegionD,2025,334
Female,46,RegionD,2023,382
Female,46,RegionD,2024,127
Female,46,RegionD,2025,544
Female,47,RegionD,2023,536
Female,47,RegionD,2024,341
Female,47,RegionD,2025,488
Female,48,RegionD,2023,234
Female,48,RegionD,2024,257
Female,48,RegionD,2025,172
Female,49,RegionD,2023,289
Female,49,RegionD,2024,344
Female,49,RegionD,2025,369
Female,50,RegionD,2023,201
Female,50,RegionD,2024,428
Female,50,RegionD,2025,293
Female,51,RegionD,2023,517
Female,51,RegionD,2024,585
Female,51,RegionD,2025,416
Female,52,RegionD,2023,223
Female,52,RegionD,2024,376
Female,52,RegionD,2025,517
Female,53,RegionD,2023,365
Female,53,RegionD,2024,495
Female,53,RegionD,2025,345
Female,54,RegionD,2023,349
Female,54,RegionD,2024,177
Female,54,RegionD,2025,256
Female,55,RegionD,2023,377
Female,55,RegionD,2024,486
Female,55,RegionD,2025,136
Female,56,RegionD,2023,505
Female,56,RegionD,2024,121
Female,56,RegionD,2025,348
Female,57,RegionD,2023,460
Female,57,RegionD,2024,190
Female,57,RegionD,2025,349
Female,58,RegionD,2023,414
Female,58,RegionD,2024,279
Female,58,RegionD,2025,165
Female,59,RegionD,2023,224
Female,59,RegionD,2024,585
Female,59,RegionD,2025,333
Female,60,RegionD,2023,463
Female,60,RegionD,2024,366
Female,60,RegionD,2025,192
Female,61,RegionD,2023,454
Female,61,RegionD,2024,451
Female,61,RegionD,2025,459
Female,62,RegionD,2023,567
Female,62,RegionD,2024,564
Female,62,RegionD,2025,493
Female,63,RegionD,2023,497
Female,63,RegionD,2024,358
Female,63,RegionD,2025,295
Female,64,RegionD,2023,199
Female,64,RegionD,2024,393
Female,64,RegionD,2025,293
Female,65,RegionD,2023,487
Female,65,RegionD,2024,195
Female,65,RegionD,2025,291
Female,66,RegionD,2023,122
Female,66,RegionD,2024,405
Female,66,RegionD,2025,151
Female,67,RegionD,2023,230
Female,67,RegionD,2024,342
Female,67,RegionD,2025,498
Female,68,RegionD,2023,415
Female,68,RegionD,2024,446
Female,68,RegionD,2025,419
Female,69,RegionD,2023,353
Female,69,RegionD,2024,117
Female,69,RegionD,2025,469
Female,70,RegionD,2023,402
Female,70,RegionD,2024,253
Female,70,RegionD,2025,251
Female,71,RegionD,2023,194
Female,71,RegionD,2024,563
Female,71,RegionD,2025,169
Female,72,RegionD,2023,136
Female,72,RegionD,2024,168
Female,72,RegionD,2025,194
Female,73,RegionD,2023,587
Female,73,RegionD,2024,273
Female,73,RegionD,2025,235
Female,74,RegionD,2023,268
Female,74,RegionD,2024,576
Female,74,RegionD,2025,220
Female,75,RegionD,2023,304
Female,75,RegionD,2024,167
Female,75,RegionD,2025,387
Female,76,RegionD,2023,334
Female,76,RegionD,2024,467
Female,76,RegionD,2025,485
Female,77,RegionD,2023,182
Female,77,RegionD,2024,364
Female,77,RegionD,2025,232
Female,78,RegionD,2023,390
Female,78,RegionD,2024,344
Female,78,RegionD,2025,419
Female,79,RegionD,2023,569
Female,79,RegionD,2024,114
Female,79,RegionD,2025,396
Female,80,RegionD,2023,384
Female,80,RegionD,2024,425
Female,80,RegionD,2025,548
Female,81,RegionD,2023,221
Female,81,RegionD,2024,461
Female,81,RegionD,2025,555
Female,82,RegionD,2023,546
Female,82,RegionD,2024,308
Female,82,RegionD,2025,340
Female,83,RegionD,2023,515
Female,83,RegionD,2024,256
Female,83,RegionD,2025,406
Female,84,RegionD,2023,362
Female,84,RegionD,2024,580
Female,84,RegionD,2025,180
Female,85,RegionD,2023,219
Female,85,RegionD,2024,271
Female,85,RegionD,2025,599
Female,86,RegionD,2023,535
Female,86,RegionD,2024,153
Female,86,RegionD,2025,455
Female,87,RegionD,2023,265
Female,87,RegionD,2024,284
Female,87,RegionD,2025,550
Female,88,RegionD,2023,316
Female,88,RegionD,2024,316
Female,88,RegionD,2025,437
Female,89,RegionD,2023,500
Female,89,RegionD,2024,596
Female,89,RegionD,2025,367
Female,90,RegionD,2023,395
Female,90,RegionD,2024,544
Female,90,RegionD,2025,329
Male,0,RegionD,2023,170
Male,0,RegionD,2024,561
Male,0,RegionD,2025,575
Male,1,RegionD,2023,453
Male,1,RegionD,2024,431
Male,1,RegionD,2025,226
Male,2,RegionD,2023,472
Male,2,RegionD,2024,359
Male,2,RegionD,2025,404
Male,3,RegionD,2023,503
Male,3,RegionD,2024,308
Male,3,RegionD,2025,284
Male,4,RegionD,2023,127
Male,4,RegionD,2024,489
Male,4,RegionD,2025,280
Male,5,RegionD,2023,455
Male,5,RegionD,2024,193
Male,5,RegionD,2025,453
Male,6,RegionD,2023,139
Male,6,RegionD,2024,598
Male,6,RegionD,2025,208
Male,7,RegionD,2023,419
Male,7,RegionD,2024,204
Male,7,RegionD,2025,264
Male,8,RegionD,2023,415
Male,8,RegionD,2024,103
Male,8,RegionD,2025,358
Male,9,RegionD,2023,219
Male,9,RegionD,2024,453
Male,9,RegionD,2025,167
Male,10,RegionD,2023,552
Male,10,RegionD,2024,228
Male,10,RegionD,2025,346
Male,11,RegionD,2023,352
Male,11,RegionD,2024,418
Male,11,RegionD,2025,305
Male,12,RegionD,2023,359
Male,12,RegionD,2024,343
Male,12,RegionD,2025,118
Male,13,RegionD,2023,130
Male,13,RegionD,2024,192
Male,13,RegionD,2025,133
Male,14,RegionD,2023,277
Male,14,RegionD,2024,563
Male,14,RegionD,2025,397
Male,15,RegionD,2023,131
Male,15,RegionD,2024,147
Male,15,RegionD,2025,448
Male,16,RegionD,2023,184
Male,16,RegionD,2024,433
Male,16,RegionD,2025,211
Male,17,RegionD,2023,569
Male,17,RegionD,2024,485
Male,17,RegionD,2025,584
Male,18,RegionD,2023,336
Male,18,RegionD,2024,406
Male,18,RegionD,2025,439
Male,19,RegionD,2023,558
Male,19,RegionD,2024,363
Male,19,RegionD,2025,303
Male,20,RegionD,2023,223
Male,20,RegionD,2024,103
Male,20,RegionD,2025,351
Male,21,RegionD,2023,384
Male,21,RegionD,2024,283
Male,21,RegionD,2025,538
Male,22,RegionD,2023,392
Male,22,RegionD,2024,419
Male,22,RegionD,2025,272
Male,23,RegionD,2023,526
Male,23,RegionD,2024,383
Male,23,RegionD,2025,544
Male,24,RegionD,2023,104
Male,24,RegionD,2024,258
Male,24,RegionD,2025,222
Male,25,RegionD,2023,534
Male,25,RegionD,2024,559
Male,25,RegionD,2025,353
Male,26,RegionD,2023,401
Male,26,RegionD,2024,197
Male,26,RegionD,2025,504
Male,27,RegionD,2023,377
Male,27,RegionD,2024,338
Male,27,RegionD,2025,305
Male,28,RegionD,2023,557
Male,28,RegionD,2024,169
Male,28,RegionD,2025,287
Male,29,RegionD,2023,307
Male,29,RegionD,2024,483
Male,29,RegionD,2025,235
Male,30,RegionD,2023,136
Male,30,RegionD,2024,101
Male,30,RegionD,2025,402
Male,31,RegionD,2023,434
Male,31,RegionD,2024,374
Male,31,RegionD,2025,222
Male,32,RegionD,2023,145
Male,32,RegionD,2024,102
Male,32,RegionD,2025,167
Male,33,RegionD,2023,146
Male,33,RegionD,2024,320
Male,33,RegionD,2025,546
Male,34,RegionD,2023,484
Male,34,RegionD,2024,344
Male,34,RegionD,2025,139
Male,35,RegionD,2023,407
Male,35,RegionD,2024,557
Male,35,RegionD,2025,569
Male,36,RegionD,2023,412
Male,36,RegionD,2024,436
Male,36,RegionD,2025,201
Male,37,RegionD,2023,500
Male,37,RegionD,2024,562
Male,37,RegionD,2025,496
Male,38,RegionD,2023,360
Male,38,RegionD,2024,175
Male,38,RegionD,2025,352
Male,39,RegionD,2023,127
Male,39,RegionD,2024,229
Male,39,RegionD,2025,542
Male,40,RegionD,2023,111
Male,40,RegionD,2024,107
Male,40,RegionD,2025,338
Male,41,RegionD,2023,118
Male,41,RegionD,2024,150
Male,41,RegionD,2025,172
Male,42,RegionD,2023,274
Male,42,RegionD,2024,458
Male,42,RegionD,2025,143
Male,43,RegionD,2023,322
Male,43,RegionD,2024,366
Male,43,RegionD,2025,101
Male,44,RegionD,2023,578
Male,44,RegionD,2024,394
Male,44,RegionD,2025,130
Male,45,RegionD,2023,359
Male,45,RegionD,2024,190
Male,45,RegionD,2025,529
Male,46,RegionD,2023,389
Male,46,RegionD,2024,500
Male,46,RegionD,2025,321
Male,47,RegionD,2023,308
Male,47,RegionD,2024,104
Male,47,RegionD,2025,556
Male,48,RegionD,2023,437
Male,48,RegionD,2024,546
Male,48,RegionD,2025,449
Male,49,RegionD,2023,338
Male,49,RegionD,2024,443
Male,49,RegionD,2025,281
Male,50,RegionD,2023,581
Male,50,RegionD,2024,332
Male,50,RegionD,2025,376
Male,51,RegionD,2023,566
Male,51,RegionD,2024,565
Male,51,RegionD,2025,146
Male,52,RegionD,2023,239
Male,52,RegionD,2024,385
Male,52,RegionD,2025,113
Male,53,RegionD,2023,417
Male,53,RegionD,2024,141
Male,53,RegionD,2025,522
Male,54,RegionD,2023,462
Male,54,RegionD,2024,184
Male,54,RegionD,2025,143
Male,55,RegionD,2023,171
Male,55,RegionD,2024,382
Male,55,RegionD,2025,353
Male,56,RegionD,2023,243
Male,56,RegionD,2024,266
Male,56,RegionD,2025,217
Male,57,RegionD,2023,137
Male,57,RegionD,2024,592
Male,57,RegionD,2025,292
Male,58,RegionD,2023,250
Male,58,RegionD,2024,228
Male,58,RegionD,2025,575
Male,59,RegionD,2023,172
Male,59,RegionD,2024,226
Male,59,RegionD,2025,583
Male,60,RegionD,2023,425
Male,60,RegionD,2024,191
Male,60,RegionD,2025,202
Male,61,RegionD,2023,537
Male,61,RegionD,2024,236
Male,61,RegionD,2025,231
Male,62,RegionD,2023,381
Male,62,RegionD,2024,509
Male,62,RegionD,2025,363
Male,63,RegionD,2023,388
Male,63,RegionD,2024,122
Male,63,RegionD,2025,500
Male,64,RegionD,2023,115
Male,64,RegionD,2024,537
Male,64,RegionD,2025,391
Male,65,RegionD,2023,482
Male,65,RegionD,2024,473
Male,65,RegionD,2025,375
Male,66,RegionD,2023,130
Male,66,RegionD,2024,313
Male,66,RegionD,2025,109
Male,67,RegionD,2023,485
Male,67,RegionD,2024,318
Male,67,RegionD,2025,159
Male,68,RegionD,2023,560
Male,68,RegionD,2024,147
Male,68,RegionD,2025,472
Male,69,RegionD,2023,456
Male,69,RegionD,2024,493
Male,69,RegionD,2025,298
Male,70,RegionD,2023,216
Male,70,RegionD,2024,404
Male,70,RegionD,2025,101
Male,71,RegionD,2023,273
Male,71,RegionD,2024,437
Male,71,RegionD,2025,271
Male,72,RegionD,2023,162
Male,72,RegionD,2024,159
Male,72,RegionD,2025,497
Male,73,RegionD,2023,274
Male,73,RegionD,2024,568
Male,73,RegionD,2025,217
Male,74,RegionD,2023,169
Male,74,RegionD,2024,108
Male,74,RegionD,2025,309
Male,75,RegionD,2023,506
Male,75,RegionD,2024,546
Male,75,RegionD,2025,570
Male,76,RegionD,2023,364
Male,76,RegionD,2024,517
Male,76,RegionD,2025,277
Male,77,RegionD,2023,128
Male,77,RegionD,2024,113
Male,77,RegionD,2025,184
Male,78,RegionD,2023,593
Male,78,RegionD,2024,362
Male,78,RegionD,2025,513
Male,79,RegionD,2023,437
Male,79,RegionD,2024,521
Male,79,RegionD,2025,332
Male,80,RegionD,2023,145
Male,80,RegionD,2024,174
Male,80,RegionD,2025,598
Male,81,RegionD,2023,506
Male,81,RegionD,2024,372
Male,81,RegionD,2025,254
Male,82,RegionD,2023,544
Male,82,RegionD,2024,184
Male,82,RegionD,2025,371
Male,83,RegionD,2023,423
Male,83,RegionD,2024,164
Male,83,RegionD,2025,271
Male,84,RegionD,2023,242
Male,84,RegionD,2024,413
Male,84,RegionD,2025,249
Male,85,RegionD,2023,559
Male,85,RegionD,2024,128
Male,85,RegionD,2025,410
Male,86,RegionD,2023,140
Male,86,RegionD,2024,225
Male,86,RegionD,2025,121
Male,87,RegionD,2023,488
Male,87,RegionD,2024,572
Male,87,RegionD,2025,197
Male,88,RegionD,2023,532
Male,88,RegionD,2024,197
Male,88,RegionD,2025,355
Male,89,RegionD,2023,283
Male,89,RegionD,2024,179
Male,89,RegionD,2025,444
Male,90,RegionD,2023,223
Male,90,RegionD,2024,573
Male,90,RegionD,2025,553
